Date,Symbol,Open,High,Low,Close,Adj Close,Volume
2020-01-02,AAPL,74.059998,75.150002,73.797501,75.087502,73.347946,135480400
2020-01-02,MSFT,158.779999,160.729996,158.330002,160.619995,155.422058,22622100
2020-01-02,ORCL,53.27,53.959999,53.23,53.950001,50.739223,13899600
2020-01-03,AAPL,74.287498,75.144997,74.125,74.357498,72.63485,146322800
2020-01-03,MSFT,158.320007,159.949997,158.059998,158.619995,153.48674,21116200
2020-01-03,ORCL,52.990002,54.049999,52.950001,53.759998,50.560532,11026700
2020-01-06,AAPL,73.447502,74.989998,73.1875,74.949997,73.213608,118387200
2020-01-06,MSFT,157.080002,159.100006,156.509995,159.029999,153.883514,20813700
2020-01-06,ORCL,53.360001,54.200001,53.349998,54.040001,50.823864,10982400
2020-01-07,AAPL,74.959999,75.224998,74.370003,74.597504,72.869301,108872000
2020-01-07,MSFT,159.320007,159.669998,157.320007,157.580002,152.480453,21634100
2020-01-07,ORCL,53.889999,54.330002,53.610001,54.16,50.936729,12015400
2020-01-08,MSFT,158.929993,160.800003,157.949997,160.089996,154.909195,27746500
2020-01-08,ORCL,53.939999,54.599998,53.700001,54.130001,51.135101,11856700
2020-01-08,AAPL,74.290001,76.110001,74.290001,75.797501,74.041473,132079200
2020-01-09,ORCL,54.25,54.799999,54.029999,54.380001,51.371281,10671000
2020-01-09,AAPL,76.809998,77.607498,76.550003,77.407501,75.614189,170108400
2020-01-09,MSFT,161.839996,162.220001,161.029999,162.089996,156.844467,21385000
2020-01-10,ORCL,54.549999,54.650002,54.220001,54.450001,51.437397,9734800
2020-01-10,AAPL,77.650002,78.167503,77.0625,77.582497,75.785126,140644800
2020-01-10,MSFT,162.820007,163.220001,161.179993,161.339996,156.118729,20725900
2020-01-13,ORCL,54.459999,54.790001,54.360001,54.580002,51.560211,10858900
2020-01-13,AAPL,77.910004,79.267502,77.787498,79.239998,77.404221,121532000
2020-01-13,MSFT,161.759995,163.309998,161.259995,163.279999,157.995972,21626500
2020-01-14,ORCL,54.52,55.18,54.5,54.880001,51.843616,12627200
2020-01-14,MSFT,163.389999,163.600006,161.720001,162.130005,156.883163,23477400
2020-01-14,AAPL,79.175003,79.392502,78.042503,78.169998,76.359024,161954400
2020-01-15,MSFT,162.619995,163.940002,162.570007,163.179993,157.899185,21417900
2020-01-15,ORCL,54.880001,55.18,54.68,54.759998,51.730251,9090800
2020-01-15,AAPL,77.962502,78.875,77.387497,77.834999,76.031784,121923600
2020-01-16,MSFT,164.350006,166.240005,164.029999,166.169998,160.792435,23865400
2020-01-16,ORCL,54.98,55.450001,54.93,55.43,52.363182,9866000
2020-01-16,AAPL,78.397499,78.925003,78.022499,78.809998,76.9842,108829200
2020-01-17,MSFT,167.419998,167.470001,165.429993,167.100006,161.692352,34371700
2020-01-17,ORCL,55.630001,55.689999,54.849998,55.130001,52.079784,11166600
2020-01-17,AAPL,79.067497,79.684998,78.75,79.682503,77.836472,137816400
2020-01-21,ORCL,54.98,55.360001,54.919998,55.220001,52.164803,8773000
2020-01-21,AAPL,79.297501,79.754997,79.0,79.142502,77.309006,110843200
2020-01-21,MSFT,166.679993,168.190002,166.429993,166.5,161.111725,29517200
2020-01-22,AAPL,79.644997,79.997498,79.327499,79.425003,77.584946,101832400
2020-01-22,MSFT,167.399994,167.490005,165.679993,165.699997,160.337646,24138800
2020-01-22,ORCL,55.41,55.650002,54.599998,54.720001,51.692467,6380500
2020-01-23,AAPL,79.480003,79.889999,78.912498,79.807503,77.958603,104472000
2020-01-23,MSFT,166.190002,166.800003,165.270004,166.720001,161.324615,19680800
2020-01-23,ORCL,54.41,55.0,54.279999,54.98,51.938068,6583200
2020-01-24,AAPL,80.0625,80.832497,79.379997,79.577499,77.73391,146537600
2020-01-24,MSFT,167.509995,167.529999,164.449997,165.039993,159.699005,24918100
2020-01-24,ORCL,55.060001,55.200001,53.880001,54.07,51.078423,6426000
2020-01-27,MSFT,161.149994,163.380005,160.199997,162.279999,157.028366,32078100
2020-01-27,ORCL,53.18,53.52,52.630001,52.689999,49.774773,8259100
2020-01-27,AAPL,77.514999,77.942497,76.220001,77.237503,75.448135,161940000
2020-01-28,ORCL,52.860001,53.68,52.66,53.459999,50.502174,8620300
2020-01-28,AAPL,78.150002,79.599998,78.047501,79.422501,77.58252,162234000
2020-01-28,MSFT,163.779999,165.759995,163.070007,165.460007,160.105408,24899900
2020-01-29,ORCL,53.779999,53.939999,53.18,53.200001,50.256554,6332500
2020-01-29,AAPL,81.112503,81.962502,80.345001,81.084999,79.20649,216229200
2020-01-29,MSFT,167.839996,168.75,165.690002,168.039993,162.601913,34754500
2020-01-30,ORCL,52.82,53.330002,52.279999,53.310001,50.360477,7176200
2020-01-30,AAPL,80.135002,81.022499,79.6875,80.967499,79.091721,126743200
2020-01-30,MSFT,174.050003,174.050003,170.789993,172.779999,167.188507,51597500
2020-01-31,AAPL,80.232498,80.669998,77.072502,77.377502,75.584885,199588400
2020-01-31,MSFT,172.210007,172.399994,169.580002,170.229996,164.721039,36142700
2020-01-31,ORCL,53.34,53.490002,52.290001,52.450001,49.548061,8884700
2020-02-03,MSFT,170.429993,174.5,170.399994,174.380005,168.73674,30107000
2020-02-03,ORCL,52.73,53.41,52.689999,53.09,50.152653,8892500
2020-02-03,AAPL,76.074997,78.372498,75.555,77.165001,75.377304,173788400
2020-02-04,MSFT,177.139999,180.639999,176.309998,180.119995,174.290985,36433300
2020-02-04,ORCL,53.75,54.560001,53.75,54.040001,51.050087,9769800
2020-02-04,AAPL,78.827499,79.910004,78.407501,79.712502,77.865791,136616400
2020-02-05,MSFT,184.029999,184.199997,178.410004,179.899994,174.078079,39186300
2020-02-05,ORCL,54.669998,55.029999,54.580002,54.740002,51.711357,9612900
2020-02-05,AAPL,80.879997,81.190002,79.737503,80.362503,78.500725,118826800
2020-02-06,MSFT,180.970001,183.820007,180.059998,183.630005,177.687393,27751400
2020-02-06,AAPL,80.642502,81.305,80.065002,81.302498,79.418953,105425600
2020-02-06,ORCL,55.0,55.349998,54.709999,54.709999,51.683018,8832000
2020-02-07,AAPL,80.592499,80.849998,79.5,80.0075,78.339424,117684000
2020-02-07,MSFT,182.850006,185.630005,182.479996,183.889999,177.93898,33529100
2020-02-07,ORCL,54.27,54.970001,54.189999,54.720001,51.692467,7864800
2020-02-10,AAPL,78.544998,80.387497,78.462502,80.387497,78.711502,109348800
2020-02-10,MSFT,183.580002,188.839996,183.25,188.699997,182.593338,35844300
2020-02-10,ORCL,54.720001,55.07,54.450001,54.990002,51.947529,7198200
2020-02-11,AAPL,80.900002,80.974998,79.677498,79.902496,78.236626,94323200
2020-02-11,MSFT,190.649994,190.699997,183.5,184.440002,178.471207,53159900
2020-02-11,ORCL,55.169998,55.540001,55.110001,55.150002,52.098679,8466600
2020-02-12,MSFT,185.580002,185.850006,181.850006,184.710007,178.732452,47062900
2020-02-12,ORCL,55.549999,55.889999,55.25,55.73,52.64658,7541100
2020-02-12,AAPL,80.3675,81.805,80.3675,81.800003,80.094566,113730400
2020-02-13,ORCL,55.310001,55.639999,55.009998,55.310001,52.249825,8480100
2020-02-13,AAPL,81.047501,81.555,80.837502,81.217499,79.524185,94747600
2020-02-13,MSFT,183.080002,186.229996,182.869995,183.710007,177.764801,35295800
2020-02-14,ORCL,55.380001,55.84,55.240002,55.470001,52.400967,7496800
2020-02-14,AAPL,81.184998,81.495003,80.712502,81.237503,79.5438,80113600
2020-02-14,MSFT,183.25,185.410004,182.649994,185.350006,179.351715,23149500
2020-02-18,ORCL,55.419998,55.759998,55.099998,55.450001,52.382076,7185700
2020-02-18,AAPL,78.839996,79.9375,78.652496,79.75,78.087311,152531200
2020-02-18,MSFT,185.610001,187.699997,185.5,187.229996,181.170883,27792200
2020-02-19,ORCL,55.59,55.77,55.389999,55.439999,52.372627,6819200
2020-02-19,MSFT,188.059998,188.179993,186.470001,187.279999,181.714249,29997500
2020-02-19,AAPL,80.0,81.142502,80.0,80.904999,79.218216,93984000
2020-02-20,MSFT,186.949997,187.25,181.100006,184.419998,178.939255,36862400
2020-02-20,ORCL,55.400002,55.869999,54.880001,55.509998,52.438751,6114600
2020-02-20,AAPL,80.657501,81.162498,79.552498,80.074997,78.405525,100566000
2020-02-21,MSFT,183.169998,183.5,177.25,178.589996,173.282516,48572600
2020-02-21,ORCL,55.080002,55.34,54.439999,54.68,51.654678,9078600
2020-02-21,AAPL,79.654999,80.112503,77.625,78.262497,76.630806,129554000
2020-02-24,MSFT,167.770004,174.550003,163.229996,170.889999,165.811356,68311100
2020-02-24,ORCL,53.099998,53.529999,52.509998,52.650002,49.736996,10992500
2020-02-24,AAPL,74.315002,76.044998,72.307503,74.544998,72.990814,222195200
2020-02-25,ORCL,53.07,53.220001,50.799999,50.959999,48.140488,12202600
2020-02-25,AAPL,75.237503,75.6325,71.532501,72.019997,70.518456,230673600
2020-02-25,MSFT,174.199997,174.839996,167.649994,168.070007,163.075165,68073300
2020-02-26,AAPL,71.6325,74.470001,71.625,73.162498,71.637161,198054800
2020-02-26,MSFT,169.710007,173.259995,168.210007,170.169998,165.112732,56206100
2020-02-26,ORCL,51.310001,53.139999,51.240002,52.049999,49.170185,16413100
2020-02-27,AAPL,70.275002,71.5,68.239998,68.379997,66.954353,320605600
2020-02-27,MSFT,163.320007,167.029999,157.979996,158.179993,153.47908,93174900
2020-02-27,ORCL,50.880001,53.459999,50.759998,50.779999,47.970459,16161100
2020-02-28,AAPL,64.315002,69.602501,64.092499,68.339996,66.915192,426510000
2020-02-28,MSFT,152.410004,163.710007,152.0,162.009995,157.195221,97012700
2020-02-28,ORCL,49.240002,49.889999,47.900002,49.459999,46.723488,24426000
2020-03-02,AAPL,70.57,75.360001,69.43,74.702499,73.145035,341397200
2020-03-02,ORCL,49.73,50.900002,48.669998,50.900002,48.083813,17328500
2020-03-02,MSFT,165.309998,172.919998,162.309998,172.789993,167.654877,71030800
2020-03-03,ORCL,50.619999,51.84,48.25,48.849998,46.147236,21830500
2020-03-03,AAPL,75.917503,76.0,71.449997,72.330002,70.822006,319475600
2020-03-03,MSFT,173.800003,175.0,162.259995,164.509995,159.620972,71677000
2020-03-04,ORCL,49.849998,50.59,48.830002,50.540001,47.743732,14813700
2020-03-04,AAPL,74.110001,75.849998,73.282501,75.684998,74.107048,219178400
2020-03-04,MSFT,168.490005,170.699997,165.619995,170.550003,165.481461,49814400
2020-03-05,ORCL,49.23,49.68,47.75,48.0,45.344269,15843000
2020-03-05,AAPL,73.879997,74.887497,72.852501,73.230003,71.703239,187572800
2020-03-05,MSFT,166.050003,170.869995,165.690002,166.270004,161.328674,47817300
2020-03-06,AAPL,70.5,72.705002,70.307503,72.2575,70.751007,226176800
2020-03-06,MSFT,162.610001,163.110001,156.0,161.570007,156.768326,72821100
2020-03-06,ORCL,46.57,48.299999,46.459999,47.369999,44.749119,24581400
2020-03-09,MSFT,151.0,157.75,150.0,150.619995,146.143753,70419300
2020-03-09,ORCL,44.950001,47.57,44.66,46.009998,43.464367,25949300
2020-03-09,AAPL,65.9375,69.522499,65.75,66.542503,65.155167,286744800
2020-03-10,MSFT,158.160004,161.029999,152.580002,160.919998,156.137619,65354400
2020-03-10,ORCL,47.450001,48.91,46.16,48.580002,45.892178,27067700
2020-03-10,AAPL,69.285004,71.610001,67.342499,71.334999,69.847755,285290000
2020-03-11,MSFT,157.130005,157.699997,151.149994,153.630005,149.064301,56371600
2020-03-11,ORCL,46.810001,47.48,44.27,44.720001,42.245743,24139200
2020-03-11,AAPL,69.347504,70.305,67.964996,68.857498,67.421906,255598800
2020-03-12,ORCL,41.119999,43.400002,39.709999,39.799999,37.597954,24123800
2020-03-12,AAPL,63.985001,67.5,62.0,62.057499,60.763668,418474000
2020-03-12,MSFT,145.300003,153.470001,138.580002,139.059998,134.927307,93226400
2020-03-13,AAPL,66.222504,69.980003,63.237499,69.4925,68.043663,370732000
2020-03-13,MSFT,147.5,161.910004,140.729996,158.830002,154.109772,92727400
2020-03-13,ORCL,44.450001,47.990002,43.419998,47.93,45.278137,28339400
2020-03-16,AAPL,60.487499,64.769997,60.0,60.552502,59.290047,322423600
2020-03-16,MSFT,140.0,149.350006,135.0,135.419998,131.395508,87905900
2020-03-16,ORCL,42.509998,47.57,41.259998,42.720001,40.356396,27493700
2020-03-17,AAPL,61.877499,64.402496,59.599998,63.215,61.897041,324056000
2020-03-17,MSFT,140.0,147.5,135.0,146.570007,142.214127,81059800
2020-03-17,ORCL,43.619999,47.709999,41.66,46.860001,44.267342,25588900
2020-03-18,MSFT,138.0,146.0,135.020004,140.399994,136.227448,81593200
2020-03-18,ORCL,43.669998,47.799999,42.560001,47.27,44.654659,29557000
2020-03-18,AAPL,59.942501,62.5,59.279999,61.6675,60.381805,300233600
2020-03-19,ORCL,46.470001,47.970001,44.869999,45.07,42.576374,20159100
2020-03-19,AAPL,61.8475,63.209999,60.6525,61.195,59.919155,271857200
2020-03-19,MSFT,142.770004,150.149994,139.0,142.710007,138.468842,85922700
2020-03-20,ORCL,45.02,46.700001,44.509998,45.650002,43.12429,26340800
2020-03-20,AAPL,61.794998,62.9575,57.0,57.310001,56.115158,401693200
2020-03-20,MSFT,146.0,147.100006,135.860001,137.350006,133.268127,84866200
2020-03-23,ORCL,45.0,46.490002,43.889999,44.189999,41.74506,23063700
2020-03-23,AAPL,57.02,57.125,53.1525,56.092499,54.923035,336752800
2020-03-23,MSFT,137.009995,140.570007,132.520004,135.979996,131.938843,78975200
2020-03-24,ORCL,45.330002,48.009998,45.299999,47.84,45.193115,19323700
2020-03-24,MSFT,143.75,149.600006,141.270004,148.339996,143.931534,82516700
2020-03-24,AAPL,59.09,61.922501,58.575001,61.720001,60.433212,287531200
2020-03-25,MSFT,148.910004,154.330002,144.440002,146.919998,142.553726,75638200
2020-03-25,ORCL,47.099998,48.740002,45.48,45.939999,43.398239,25625800
2020-03-25,AAPL,62.6875,64.5625,61.075001,61.380001,60.100304,303602000
2020-03-26,MSFT,148.399994,156.660004,148.369995,156.110001,151.470581,64568100
2020-03-26,ORCL,46.380001,50.740002,46.189999,50.48,47.687061,22417900
2020-03-26,AAPL,61.630001,64.669998,61.59,64.610001,63.262955,252087200
2020-03-27,MSFT,151.75,154.889999,149.199997,149.699997,145.251099,57042300
2020-03-27,ORCL,49.09,51.599998,48.560001,49.830002,47.073021,20025300
2020-03-27,AAPL,63.1875,63.967499,61.762501,61.935001,60.64373,204216800
2020-03-30,ORCL,50.400002,51.59,49.59,50.360001,47.573692,20611900
2020-03-30,AAPL,62.685001,63.880001,62.349998,63.702499,62.374371,167976400
2020-03-30,MSFT,152.440002,160.600006,150.009995,160.229996,155.46817,63420300
2020-03-31,AAPL,63.900002,65.622498,63.0,63.572498,62.247086,197002000
2020-03-31,MSFT,159.399994,164.779999,156.559998,157.710007,153.023056,77927200
2020-03-31,ORCL,51.119999,51.18,48.0,48.330002,45.656006,15802000
2020-04-01,AAPL,61.625,62.18,59.782501,60.227501,58.971825,176218400
2020-04-01,MSFT,153.0,157.75,150.820007,152.110001,147.589447,57969900
2020-04-01,ORCL,46.549999,48.990002,46.040001,48.709999,46.014984,17918200
2020-04-02,MSFT,151.860001,155.479996,150.360001,155.259995,150.645874,49630700
2020-04-02,ORCL,48.18,49.889999,48.099998,49.799999,47.044674,16434400
2020-04-02,AAPL,60.084999,61.287498,59.224998,61.232498,59.955868,165934000
2020-04-03,ORCL,49.299999,50.049999,48.950001,49.400002,46.666813,13362500
2020-04-03,AAPL,60.700001,61.424999,59.7425,60.352501,59.094219,129880000
2020-04-03,MSFT,155.100006,157.380005,152.190002,153.830002,149.258331,41243300
2020-04-06,ORCL,50.400002,51.880001,50.349998,51.490002,48.641174,13845800
2020-04-06,AAPL,62.724998,65.777496,62.345001,65.6175,64.249458,201820400
2020-04-06,MSFT,160.320007,166.5,157.580002,165.270004,160.358353,67111700
2020-04-07,ORCL,52.150002,52.330002,50.709999,50.759998,47.951557,14063000
2020-04-07,AAPL,67.699997,67.925003,64.75,64.857498,63.505299,202887200
2020-04-07,MSFT,169.589996,170.0,163.259995,163.490005,158.631271,62769000
2020-04-08,AAPL,65.684998,66.842499,65.307503,66.517502,65.130684,168895200
2020-04-08,MSFT,165.669998,166.669998,163.5,165.130005,160.222534,48318200
2020-04-08,ORCL,50.98,52.68,50.880001,52.130001,49.47971,15710700
2020-04-09,MSFT,166.360001,167.369995,163.330002,165.139999,160.232224,51385100
2020-04-09,ORCL,52.240002,53.619999,52.029999,53.18,50.47633,15521200
2020-04-09,AAPL,67.175003,67.517502,66.175003,66.997498,65.600693,161834800
2020-04-13,MSFT,164.350006,165.570007,162.300003,165.509995,160.591202,41905300
2020-04-13,ORCL,52.700001,53.139999,52.400002,52.970001,50.277,12694800
2020-04-13,AAPL,67.077499,68.425003,66.457497,68.3125,66.88826,131022800
2020-04-14,MSFT,169.0,173.75,168.0,173.699997,168.537857,52874300
2020-04-14,ORCL,53.709999,54.099998,53.450001,54.0,51.254631,11674600
2020-04-14,AAPL,70.0,72.0625,69.512497,71.762497,70.266342,194994800
2020-04-15,MSFT,171.199997,173.570007,169.240005,171.880005,166.771927,40940800
2020-04-15,AAPL,70.599998,71.582497,70.157501,71.107498,69.624992,131154400
2020-04-15,ORCL,53.209999,53.450001,52.810001,53.16,50.457344,10398100
2020-04-16,AAPL,71.845001,72.050003,70.587502,71.672501,70.178223,157125200
2020-04-16,MSFT,174.300003,177.279999,172.899994,177.039993,171.77858,50479600
2020-04-16,ORCL,53.150002,53.869999,53.07,53.700001,50.969891,14098300
2020-04-17,AAPL,71.172501,71.737503,69.214996,70.699997,69.22599,215250000
2020-04-17,MSFT,179.5,180.0,175.869995,178.600006,173.292236,52765600
2020-04-17,ORCL,54.52,54.720001,53.970001,54.619999,51.843113,13608800
2020-04-20,AAPL,69.487503,70.419998,69.212502,69.232498,67.789093,130015200
2020-04-20,MSFT,176.630005,178.75,174.990005,175.059998,169.857407,36669600
2020-04-20,ORCL,54.049999,54.580002,53.799999,53.91,51.169216,10358900
2020-04-21,MSFT,173.5,173.669998,166.110001,167.820007,162.832581,56203700
2020-04-21,ORCL,53.23,53.34,51.119999,51.310001,48.701405,14111700
2020-04-21,AAPL,69.07,69.3125,66.357498,67.092499,65.693687,180991600
2020-04-22,ORCL,52.029999,52.580002,51.77,52.27,49.612595,9668300
2020-04-22,AAPL,68.402496,69.474998,68.050003,69.025002,67.585907,116862400
2020-04-22,MSFT,171.389999,174.0,170.820007,173.520004,168.36319,34620200
2020-04-23,ORCL,52.23,52.990002,51.450001,51.970001,49.327847,10330200
2020-04-23,AAPL,68.967499,70.4375,68.717499,68.7575,67.323997,124814400
2020-04-23,MSFT,174.110001,175.059998,170.910004,171.419998,166.325592,32790800
2020-04-24,ORCL,52.41,53.049999,51.959999,53.009998,50.314968,9403500
2020-04-24,AAPL,69.300003,70.752502,69.25,70.7425,69.267593,126161200
2020-04-24,MSFT,172.059998,174.559998,170.710007,174.550003,169.362579,34277600
2020-04-27,AAPL,70.449997,71.135002,69.987503,70.792503,69.316559,117087600
2020-04-27,MSFT,176.589996,176.899994,173.300003,174.050003,168.877426,33194400
2020-04-27,ORCL,53.360001,53.639999,53.060001,53.369999,50.65667,9123200
2020-04-28,MSFT,175.589996,175.669998,169.389999,169.809998,164.763458,34392700
2020-04-28,ORCL,53.900002,54.150002,53.130001,53.200001,50.495304,8350500
2020-04-28,AAPL,71.269997,71.457497,69.550003,69.644997,68.192986,112004800
2020-04-29,MSFT,173.220001,177.679993,171.880005,177.429993,172.156982,51286600
2020-04-29,ORCL,53.950001,54.279999,53.689999,53.880001,51.140743,9064100
2020-04-29,AAPL,71.182503,72.417503,70.972504,71.932503,70.4328,137280800
2020-04-30,MSFT,180.0,180.399994,176.229996,179.210007,173.884109,53875900
2020-04-30,ORCL,53.470001,53.599998,52.799999,52.970001,50.277,11808800
2020-04-30,AAPL,72.489998,73.6325,72.087502,73.449997,71.918648,183064000
2020-05-01,ORCL,52.380001,52.439999,51.310001,51.790001,49.156998,8702400
2020-05-01,AAPL,71.5625,74.75,71.462502,72.267502,70.760818,240616800
2020-05-01,MSFT,175.800003,178.639999,174.009995,174.570007,169.381973,39370500
2020-05-04,AAPL,72.292503,73.422501,71.580002,73.290001,71.762001,133568000
2020-05-04,MSFT,174.490005,179.0,173.800003,178.839996,173.525101,30372900
2020-05-04,ORCL,51.709999,51.790001,51.099998,51.75,49.119022,7567900
2020-05-05,AAPL,73.764999,75.25,73.614998,74.389999,72.83905,147751200
2020-05-05,MSFT,180.619995,183.649994,179.899994,180.759995,175.388031,36839200
2020-05-05,ORCL,52.220001,52.860001,51.990002,52.049999,49.40377,7271800
2020-05-06,AAPL,75.114998,75.809998,74.717499,75.157501,73.590553,142333600
2020-05-06,MSFT,182.080002,184.199997,181.630005,182.539993,177.115143,32139300
2020-05-06,ORCL,52.43,52.5,51.700001,51.860001,49.223434,7050000
2020-05-07,AAPL,75.805,76.292503,75.4925,75.934998,74.351845,115215200
2020-05-07,ORCL,52.400002,52.919998,52.27,52.599998,49.925808,7154700
2020-05-07,MSFT,184.169998,184.550003,182.580002,183.600006,178.143646,28316000
2020-05-08,ORCL,53.189999,53.779999,52.77,53.57,50.846497,8130800
2020-05-08,AAPL,76.410004,77.587502,76.072502,77.532501,76.121544,133838400
2020-05-08,MSFT,184.979996,185.0,183.360001,184.679993,179.191528,30877800
2020-05-11,ORCL,53.130001,53.830002,53.060001,53.529999,50.808529,8138600
2020-05-11,AAPL,77.025002,79.262497,76.809998,78.752502,77.319359,145946400
2020-05-11,MSFT,183.149994,187.509995,182.850006,186.740005,181.190323,30892700
2020-05-12,ORCL,53.799999,53.830002,52.25,52.27,49.612595,8598800
2020-05-12,AAPL,79.457497,79.922501,77.727501,77.852501,76.435715,162301200
2020-05-12,MSFT,186.800003,187.039993,182.300003,182.509995,177.085999,32038200
2020-05-13,AAPL,78.037498,78.987503,75.802498,76.912498,75.512817,200622400
2020-05-13,MSFT,182.550003,184.050003,176.539993,179.75,174.408051,44711500
2020-05-13,ORCL,52.43,52.490002,51.279999,51.650002,49.024117,10274300
2020-05-14,MSFT,177.539993,180.690002,175.679993,180.529999,175.164871,41873900
2020-05-14,ORCL,51.139999,53.029999,50.860001,52.91,50.220055,13794000
2020-05-14,AAPL,76.127502,77.447502,75.3825,77.385002,75.97673,158929200
2020-05-15,MSFT,179.059998,187.059998,177.0,183.160004,177.716705,46610400
2020-05-15,ORCL,52.700001,53.990002,52.52,52.919998,50.229542,39055700
2020-05-15,AAPL,75.087502,76.974998,75.052498,76.927498,75.527542,166348400
2020-05-18,MSFT,185.75,186.199997,183.960007,184.910004,179.414703,35264500
2020-05-18,ORCL,53.91,53.950001,53.07,53.150002,50.447849,9901900
2020-05-18,AAPL,78.292503,79.125,77.580002,78.739998,77.307053,135178400
2020-05-19,MSFT,185.029999,186.600006,183.490005,183.630005,178.172729,26799100
2020-05-19,AAPL,78.7575,79.629997,78.252502,78.285004,76.860359,101729600
2020-05-19,ORCL,53.18,53.25,52.32,52.34,49.679035,9805100
2020-05-20,AAPL,79.169998,79.879997,79.129997,79.807503,78.355133,111504800
2020-05-20,MSFT,184.809998,185.850006,183.940002,185.660004,180.644135,31261300
2020-05-20,ORCL,53.09,53.27,52.650002,52.900002,50.210571,9115900
2020-05-21,AAPL,79.665001,80.222504,78.967499,79.212502,77.770958,102688800
2020-05-21,MSFT,185.399994,186.669998,183.289993,183.429993,178.474365,29119500
2020-05-21,ORCL,52.759998,52.939999,52.119999,52.220001,49.565132,7464000
2020-05-22,AAPL,78.942497,79.807503,78.837502,79.722504,78.271698,81803200
2020-05-22,MSFT,183.190002,184.460007,182.539993,183.509995,178.5522,20826900
2020-05-22,ORCL,52.34,52.639999,52.080002,52.619999,49.944798,7211700
2020-05-26,MSFT,186.339996,186.5,181.100006,181.570007,176.664627,36073600
2020-05-26,ORCL,53.650002,53.68,52.650002,52.779999,50.096664,11200600
2020-05-26,AAPL,80.875,81.059998,79.125,79.182503,77.741508,125522000
2020-05-27,ORCL,53.0,53.25,52.57,53.200001,50.495304,9228100
2020-05-27,AAPL,79.035004,79.677498,78.272499,79.527496,78.080238,112945200
2020-05-27,MSFT,180.199997,181.990005,176.600006,181.809998,176.898148,39517100
2020-05-28,ORCL,53.759998,54.150002,53.220001,53.619999,50.893963,9465400
2020-05-28,AAPL,79.192497,80.860001,78.907501,79.5625,78.114594,133560800
2020-05-28,MSFT,180.740005,184.149994,180.380005,181.399994,176.499191,33810200
2020-05-29,ORCL,53.619999,53.939999,52.990002,53.77,51.036327,14734800
2020-05-29,AAPL,79.8125,80.287498,79.1175,79.485001,78.038513,153532400
2020-05-29,MSFT,182.729996,184.270004,180.410004,183.25,178.29924,42130400
2020-06-01,ORCL,53.279999,53.389999,52.790001,53.060001,50.362423,7363200
2020-06-01,MSFT,182.539993,183.0,181.460007,182.830002,177.890564,22622400
2020-06-01,AAPL,79.4375,80.587502,79.302498,80.462502,78.998222,80791200
2020-06-02,MSFT,184.25,185.0,181.350006,184.910004,179.914383,30794600
2020-06-02,ORCL,53.240002,53.290001,52.639999,53.279999,50.571239,8756300
2020-06-02,AAPL,80.1875,80.860001,79.732498,80.834999,79.363945,87642800
2020-06-03,MSFT,184.820007,185.940002,183.580002,185.360001,180.352219,27311000
2020-06-03,ORCL,53.330002,53.619999,52.990002,53.490002,50.770565,9188700
2020-06-03,AAPL,81.165001,81.550003,80.574997,81.279999,79.800842,104491200
2020-06-04,MSFT,184.300003,185.839996,182.300003,182.919998,177.978134,28761800
2020-06-04,ORCL,53.23,53.689999,52.630001,52.849998,50.163109,9696000
2020-06-04,AAPL,81.097504,81.404999,80.195,80.580002,79.113586,87560400
2020-06-05,ORCL,53.09,54.27,52.740002,53.98,51.235661,12210100
2020-06-05,AAPL,80.837502,82.9375,80.807503,82.875,81.366791,137250400
2020-06-05,MSFT,182.619995,187.729996,182.009995,187.199997,182.142502,39893600
2020-06-08,AAPL,82.5625,83.400002,81.830002,83.364998,81.847893,95654400
2020-06-08,MSFT,185.940002,188.550003,184.440002,188.360001,183.271164,33211600
2020-06-08,ORCL,53.349998,55.119999,53.279999,55.099998,52.29871,11519500
2020-06-09,AAPL,83.035004,86.402496,83.002502,85.997498,84.432495,147712400
2020-06-09,MSFT,188.0,190.699997,187.259995,189.800003,184.672241,29783900
2020-06-09,ORCL,55.0,55.060001,53.880001,54.18,51.425488,8852500
2020-06-10,AAPL,86.974998,88.692497,86.522499,88.209999,86.604729,166651600
2020-06-10,MSFT,191.130005,198.520004,191.009995,196.839996,191.522064,43872300
2020-06-10,ORCL,54.5,54.66,53.900002,54.110001,51.359051,7436700
2020-06-11,MSFT,193.130005,195.759995,186.070007,186.270004,181.23761,52854700
2020-06-11,ORCL,53.25,53.560001,51.23,51.310001,48.701405,12805700
2020-06-11,AAPL,87.327499,87.764999,83.870003,83.974998,82.446793,201662400
2020-06-12,ORCL,52.450001,53.0,50.98,51.860001,49.223434,11537200
2020-06-12,AAPL,86.18,86.949997,83.555,84.699997,83.158607,200146000
2020-06-12,MSFT,190.539993,191.720001,185.179993,187.740005,182.667953,43373600
2020-06-15,ORCL,50.959999,53.43,50.91,53.25,50.542774,16038100
2020-06-15,AAPL,83.3125,86.419998,83.144997,85.747498,84.187042,138808800
2020-06-15,MSFT,184.580002,190.820007,184.009995,188.940002,183.835526,32770200
2020-06-16,ORCL,54.459999,55.0,53.779999,54.59,51.81464,19380200
2020-06-16,AAPL,87.864998,88.300003,86.18,88.019997,86.418205,165428800
2020-06-16,MSFT,192.889999,195.580002,191.460007,193.570007,188.340439,42556700
2020-06-17,AAPL,88.787498,88.849998,87.772499,87.897499,86.297928,114406400
2020-06-17,MSFT,195.029999,196.320007,193.690002,194.240005,188.99234,25687800
2020-06-17,ORCL,53.029999,53.740002,51.5,51.52,48.900719,28692600
2020-06-18,MSFT,194.0,196.490005,194.0,196.320007,191.016144,23061600
2020-06-18,ORCL,51.599998,54.0,51.32,53.689999,50.960392,19259500
2020-06-18,AAPL,87.852501,88.362503,87.305,87.932503,86.332268,96820400
2020-06-19,MSFT,198.589996,199.289993,194.369995,195.149994,189.877716,44441100
2020-06-19,ORCL,54.209999,54.459999,52.98,54.400002,51.6343,33051200
2020-06-19,AAPL,88.660004,89.139999,86.287498,87.43,85.838936,264476000
2020-06-22,MSFT,195.789993,200.759995,195.229996,200.570007,195.151306,32818900
2020-06-22,ORCL,54.09,55.389999,53.880001,55.119999,52.317696,16705900
2020-06-22,AAPL,87.834999,89.864998,87.787498,89.717499,88.084801,135445200
2020-06-23,MSFT,202.089996,203.949997,201.429993,201.910004,196.455109,30917400
2020-06-23,AAPL,91.0,93.095001,90.567497,91.6325,89.964935,212155600
2020-06-23,ORCL,55.299999,55.970001,55.130001,55.189999,52.384144,18695000
2020-06-24,AAPL,91.25,92.197502,89.629997,90.014999,88.376884,192623200
2020-06-24,MSFT,201.600006,203.25,196.559998,197.839996,192.495056,36740600
2020-06-24,ORCL,55.119999,55.68,54.330002,54.439999,51.672264,18287400
2020-06-25,AAPL,90.175003,91.25,89.392502,91.209999,89.550148,137522400
2020-06-25,MSFT,197.800003,200.610001,195.470001,200.339996,194.927521,27803900
2020-06-25,ORCL,54.400002,54.59,53.540001,54.529999,51.757687,16008700
2020-06-26,AAPL,91.102501,91.330002,88.254997,88.407501,86.798622,205256800
2020-06-26,MSFT,199.729996,199.889999,194.880005,196.330002,191.025864,54675800
2020-06-26,ORCL,54.349998,54.59,53.630001,54.18,51.425488,17969400
2020-06-29,ORCL,54.23,54.959999,53.849998,54.759998,51.976002,14366900
2020-06-29,AAPL,88.3125,90.542503,87.82,90.445,88.799049,130646000
2020-06-29,MSFT,195.779999,198.529999,193.550003,198.440002,193.078827,26701600
2020-06-30,ORCL,54.799999,55.439999,54.5,55.27,52.460075,18885900
2020-06-30,AAPL,90.019997,91.495003,90.0,91.199997,89.540321,140223200
2020-06-30,MSFT,197.880005,204.399994,197.740005,203.509995,198.011856,34310300
2020-07-01,ORCL,54.689999,55.880001,54.68,55.490002,52.668888,17856800
2020-07-01,MSFT,203.139999,206.350006,201.770004,204.699997,199.169724,32061200
2020-07-01,AAPL,91.279999,91.839996,90.977501,91.027496,89.370956,110737200
2020-07-02,MSFT,205.679993,208.020004,205.0,206.259995,200.687576,29315800
2020-07-02,ORCL,55.790001,56.43,55.650002,55.939999,53.096008,15478900
2020-07-02,AAPL,91.962502,92.6175,90.910004,91.027496,89.370956,114041600
2020-07-06,MSFT,208.830002,211.130005,208.089996,210.699997,205.007614,31897600
2020-07-06,AAPL,92.5,93.945,92.467499,93.462502,91.761635,118655600
2020-07-06,ORCL,56.200001,56.830002,56.16,56.599998,53.722458,15309700
2020-07-07,AAPL,93.852501,94.654999,93.057503,93.172501,91.476929,112424400
2020-07-07,ORCL,56.349998,56.950001,56.220001,56.310001,53.447201,13232100
2020-07-07,MSFT,210.449997,214.669998,207.990005,208.25,202.623825,33600700
2020-07-08,AAPL,94.18,95.375,94.089996,95.342499,93.607437,117092000
2020-07-08,MSFT,210.070007,213.259995,208.690002,212.830002,207.080063,33600000
2020-07-08,ORCL,56.630001,56.68,55.990002,56.66,53.779408,12582200
2020-07-09,AAPL,96.262497,96.317497,94.672501,95.752502,94.009964,125642800
2020-07-09,MSFT,216.330002,216.380005,211.470001,214.320007,208.529831,33121700
2020-07-09,ORCL,56.990002,57.799999,56.82,57.529999,54.605171,15692600
2020-07-10,ORCL,57.470001,57.52,56.689999,57.389999,54.472286,12615800
2020-07-10,AAPL,95.334999,95.980003,94.705002,95.919998,94.174408,90257200
2020-07-10,MSFT,213.619995,214.080002,211.080002,213.669998,207.8974,26177600
2020-07-13,AAPL,97.264999,99.955002,95.2575,95.477501,93.739967,191649200
2020-07-13,ORCL,57.400002,57.84,56.970001,57.009998,54.111603,15965600
2020-07-13,MSFT,214.479996,215.800003,206.5,207.070007,201.475677,38135600
2020-07-14,ORCL,56.669998,57.290001,56.48,57.200001,54.521477,15510300
2020-07-14,MSFT,206.130005,208.850006,202.029999,208.350006,202.721115,37591800
2020-07-14,AAPL,94.839996,97.254997,93.877502,97.057503,95.291222,170989200
2020-07-15,MSFT,209.559998,211.330002,205.029999,208.039993,202.419434,32179400
2020-07-15,ORCL,57.419998,57.84,56.380001,56.619999,53.968636,10570800
2020-07-15,AAPL,98.989998,99.247498,96.489998,97.724998,95.946579,153198000
2020-07-16,ORCL,56.419998,56.490002,55.580002,55.82,53.2061,8779300
2020-07-16,AAPL,96.5625,97.404999,95.904999,96.522499,94.765961,110577600
2020-07-16,MSFT,205.399994,205.699997,202.309998,203.919998,198.410797,29940700
2020-07-17,ORCL,56.080002,56.119999,54.759998,54.900002,52.329178,14344800
2020-07-17,AAPL,96.987503,97.147499,95.839996,96.327499,94.574509,92186800
2020-07-17,MSFT,204.470001,205.039993,201.389999,202.880005,197.398911,31635300
2020-07-20,ORCL,54.880001,55.52,54.689999,55.400002,52.805763,11469300
2020-07-20,AAPL,96.417503,98.5,96.0625,98.357498,96.567551,90318000
2020-07-20,MSFT,205.0,212.300003,203.009995,211.600006,205.883286,36884800
2020-07-21,AAPL,99.172501,99.25,96.7425,97.0,95.234772,103433200
2020-07-21,MSFT,213.660004,213.940002,208.029999,208.75,203.110291,37990400
2020-07-21,ORCL,55.799999,56.34,55.580002,55.91,53.291889,11875100
2020-07-22,ORCL,55.700001,56.18,55.700001,56.009998,53.387196,13842400
2020-07-22,MSFT,209.199997,212.300003,208.389999,211.75,206.029236,49605700
2020-07-22,AAPL,96.692497,97.974998,96.602501,97.272499,95.502312,89001600
2020-07-23,AAPL,96.997498,97.077499,92.010002,92.845001,91.155365,197004400
2020-07-23,MSFT,207.190002,210.919998,202.149994,202.539993,197.068085,67457000
2020-07-23,ORCL,56.0,56.360001,55.599998,55.759998,53.148903,12576000
2020-07-24,ORCL,55.470001,56.040001,55.259998,55.650002,53.04406,8939700
2020-07-24,MSFT,200.419998,202.860001,197.509995,201.300003,195.861588,39827000
2020-07-24,AAPL,90.987503,92.970001,89.144997,92.614998,90.929573,185438800
2020-07-27,ORCL,55.66,55.950001,55.32,55.34,52.748569,10319600
2020-07-27,AAPL,93.709999,94.904999,93.480003,94.809998,93.084618,121214000
2020-07-27,MSFT,201.470001,203.970001,200.860001,203.850006,198.342667,30160900
2020-07-28,ORCL,55.25,55.740002,55.200001,55.349998,52.758102,13030100
2020-07-28,AAPL,94.3675,94.550003,93.247498,93.252502,91.555458,103625600
2020-07-28,MSFT,203.610001,204.699997,201.740005,202.020004,196.562119,23251400
2020-07-29,ORCL,55.560001,55.900002,55.349998,55.700001,53.091713,7242700
2020-07-29,MSFT,202.5,204.649994,202.009995,204.059998,198.547012,19632600
2020-07-29,AAPL,93.75,95.230003,93.712502,95.040001,93.310432,90329200
2020-07-30,AAPL,94.1875,96.297501,93.767502,96.190002,94.439514,158130000
2020-07-30,MSFT,201.0,204.460007,199.570007,203.899994,198.391342,25079600
2020-07-30,ORCL,55.0,55.48,54.889999,55.25,52.662788,7633200
2020-07-31,AAPL,102.885002,106.415001,100.824997,106.260002,104.326263,374336800
2020-07-31,MSFT,204.399994,205.100006,199.009995,205.009995,199.471344,51044000
2020-07-31,ORCL,55.0,55.470001,54.330002,55.450001,52.853428,9355800
2020-08-03,ORCL,55.779999,56.09,55.490002,55.98,53.358604,9164900
2020-08-03,MSFT,211.520004,217.639999,210.440002,216.539993,210.689819,78983000
2020-08-03,AAPL,108.199997,111.637497,107.892502,108.9375,106.955025,308151200
2020-08-04,AAPL,109.1325,110.790001,108.387497,109.665001,107.669289,173071600
2020-08-04,MSFT,214.169998,214.770004,210.309998,213.289993,207.527618,49280100
2020-08-04,ORCL,55.779999,56.009998,55.529999,56.0,53.377666,6364300
2020-08-05,MSFT,214.899994,215.0,211.570007,212.940002,207.187103,28806400
2020-08-05,ORCL,56.32,56.32,55.380001,55.5,52.901081,6629000
2020-08-05,AAPL,109.377502,110.392502,108.897499,110.0625,108.059555,121776800
2020-08-06,ORCL,55.490002,55.599998,54.939999,55.279999,52.69138,8169600
2020-08-06,MSFT,212.339996,216.369995,211.550003,216.350006,210.504974,32656800
2020-08-06,AAPL,110.404999,114.412498,109.797501,113.902496,111.829651,202428800
2020-08-07,ORCL,55.009998,55.240002,54.759998,55.23,52.643726,8772300
2020-08-07,AAPL,113.205002,113.675003,110.292503,111.112503,109.287132,198045600
2020-08-07,MSFT,214.850006,215.699997,210.929993,212.479996,206.739532,27820400
2020-08-10,MSFT,211.669998,211.880005,206.350006,208.25,202.623825,36716500
2020-08-10,ORCL,55.240002,55.619999,54.880001,54.939999,52.367302,10046900
2020-08-10,AAPL,112.599998,113.775002,110.0,112.727501,110.875595,212403600
2020-08-11,ORCL,55.240002,55.459999,54.139999,54.27,51.728683,8075100
2020-08-11,AAPL,111.970001,112.482498,109.107498,109.375,107.578178,187902400
2020-08-11,MSFT,207.160004,207.649994,203.139999,203.380005,197.885391,36446500
2020-08-12,ORCL,54.52,54.700001,53.970001,54.169998,51.633362,9068200
2020-08-12,MSFT,205.289993,210.279999,204.75,209.190002,203.538391,28013100
2020-08-12,AAPL,110.497498,113.275002,110.297501,113.010002,111.153465,165598000
2020-08-13,MSFT,209.440002,211.350006,208.149994,208.699997,203.061646,22588900
2020-08-13,AAPL,114.43,116.042503,113.927498,115.010002,113.120605,210082000
2020-08-13,ORCL,53.91,54.200001,53.68,54.02,51.490395,8260300
2020-08-14,MSFT,208.759995,209.589996,207.509995,208.899994,203.256226,17958900
2020-08-14,ORCL,54.029999,54.560001,53.77,54.200001,51.661957,5454400
2020-08-14,AAPL,114.830002,115.0,113.044998,114.907501,113.019798,165565200
2020-08-17,ORCL,54.200001,54.389999,53.66,53.990002,51.461796,9523700
2020-08-17,MSFT,209.600006,211.190002,208.919998,210.279999,204.598953,20184800
2020-08-17,AAPL,116.0625,116.087502,113.962502,114.607498,112.724724,119561600
2020-08-18,AAPL,114.352501,116.0,114.0075,115.5625,113.664032,105633600
2020-08-18,MSFT,210.529999,212.360001,209.210007,211.490005,205.776291,21336200
2020-08-18,ORCL,55.619999,56.93,54.869999,55.18,52.596069,21102600
2020-08-19,ORCL,55.580002,56.799999,55.459999,56.200001,53.56831,16751500
2020-08-19,MSFT,211.490005,212.100006,209.25,209.699997,204.527832,27627600
2020-08-19,AAPL,115.982498,117.162498,115.610001,115.707497,113.806641,145538000
2020-08-20,ORCL,55.59,55.810001,55.09,55.259998,52.672314,10974800
2020-08-20,MSFT,209.539993,215.0,208.910004,214.580002,209.287506,26981500
2020-08-20,AAPL,115.75,118.392502,115.732498,118.275002,116.331963,126907200
2020-08-21,AAPL,119.262497,124.8675,119.25,124.370003,122.326843,338054800
2020-08-21,ORCL,55.380001,55.450001,54.73,55.189999,52.605602,9552000
2020-08-21,MSFT,213.860001,216.25,212.850006,213.020004,207.765945,36249300
2020-08-24,AAPL,128.697495,128.785004,123.9375,125.857498,123.789894,345937600
2020-08-24,ORCL,55.759998,56.110001,55.439999,56.009998,53.387196,7892100
2020-08-24,MSFT,214.789993,215.520004,212.429993,213.690002,208.419479,25460100
2020-08-25,ORCL,56.150002,56.75,56.02,56.09,53.463455,7427000
2020-08-25,MSFT,213.100006,216.610001,213.100006,216.470001,211.130859,23043700
2020-08-25,AAPL,124.697502,125.18,123.052498,124.824997,122.774368,211495600
2020-08-26,AAPL,126.18,126.9925,125.082497,126.522499,124.443977,163022400
2020-08-26,MSFT,217.880005,222.089996,217.360001,221.149994,215.695435,39600800
2020-08-26,ORCL,56.34,57.490002,56.060001,57.490002,54.797897,11597600
2020-08-27,ORCL,57.450001,58.450001,56.580002,57.18,54.502422,15834700
2020-08-27,AAPL,127.142502,127.485001,123.832497,125.010002,122.956322,155552400
2020-08-27,MSFT,222.889999,231.149994,219.399994,226.580002,220.991516,57602200
2020-08-28,AAPL,126.012497,126.442497,124.577499,124.807503,122.757156,187630000
2020-08-28,MSFT,228.179993,230.639999,226.580002,228.910004,223.264053,26292900
2020-08-28,ORCL,57.330002,58.16,57.209999,57.880001,55.169636,8613800
2020-08-31,ORCL,57.130001,57.759998,57.040001,57.220001,54.540539,18683500
2020-08-31,AAPL,127.580002,131.0,126.0,129.039993,126.920128,225702700
2020-08-31,MSFT,227.0,228.699997,224.309998,225.529999,219.967422,28774200
2020-09-01,ORCL,57.369999,58.009998,57.080002,57.66,54.959934,10169500
2020-09-01,AAPL,132.759995,134.800003,130.529999,134.179993,131.975677,151948100
2020-09-01,MSFT,225.509995,227.449997,224.429993,227.270004,221.66452,25725500
2020-09-02,ORCL,57.720001,59.32,57.720001,59.029999,56.265778,14342800
2020-09-02,AAPL,137.589996,137.979996,127.0,131.399994,129.241364,200119000
2020-09-02,MSFT,227.970001,232.860001,227.350006,231.649994,225.936447,34080800
2020-09-03,AAPL,126.910004,128.839996,120.5,120.879997,118.894165,257599600
2020-09-03,ORCL,58.720001,58.990002,56.650002,57.099998,54.426151,15387400
2020-09-03,MSFT,229.270004,229.309998,214.960007,217.300003,211.940399,58400300
2020-09-04,ORCL,56.880001,57.27,55.16,55.73,53.120316,14697200
2020-09-04,MSFT,215.100006,218.360001,205.190002,214.25,208.965622,59664100
2020-09-04,AAPL,120.07,123.699997,110.889999,120.959999,118.972855,332607200
2020-09-08,MSFT,206.5,210.029999,202.199997,202.660004,197.661499,52924300
2020-09-08,AAPL,113.949997,118.989998,112.68,112.82,110.966591,231366600
2020-09-08,ORCL,55.349998,55.790001,54.869999,55.32,52.729511,16472800
2020-09-09,ORCL,56.16,57.400002,55.860001,56.950001,54.28318,13993200
2020-09-09,AAPL,117.260002,119.139999,115.260002,117.32,115.392654,176940500
2020-09-09,MSFT,207.600006,214.839996,206.699997,211.289993,206.078613,45679000
2020-09-10,ORCL,57.439999,58.18,56.75,57.330002,54.645386,20500900
2020-09-10,AAPL,120.360001,120.5,112.5,113.489998,111.625572,182274400
2020-09-10,MSFT,213.399994,214.740005,204.110001,205.369995,200.304642,35461500
2020-09-11,AAPL,114.57,115.230003,110.0,112.0,110.160057,180860300
2020-09-11,ORCL,60.709999,61.860001,56.869999,57.0,54.330845,40220600
2020-09-11,MSFT,207.199997,208.630005,201.240005,204.029999,198.997696,33620100
2020-09-14,AAPL,114.720001,115.93,112.800003,115.360001,113.464851,140150100
2020-09-14,MSFT,204.240005,209.199997,204.029999,205.410004,200.343674,30375800
2020-09-14,ORCL,60.860001,61.5,59.349998,59.459999,56.675652,50107400
2020-09-15,AAPL,118.330002,118.830002,113.610001,115.540001,113.641899,184642000
2020-09-15,MSFT,208.419998,209.779999,206.929993,208.779999,203.630539,21823900
2020-09-15,ORCL,60.009998,61.68,59.389999,60.939999,58.086342,30385600
2020-09-16,AAPL,115.230003,116.0,112.040001,112.129997,110.287918,154679000
2020-09-16,ORCL,61.119999,61.389999,59.650002,60.43,57.600227,21223300
2020-09-16,MSFT,210.619995,210.649994,204.639999,205.050003,199.992554,26328100
2020-09-17,AAPL,109.720001,112.199997,108.709999,110.339996,108.527328,178011000
2020-09-17,ORCL,59.419998,60.610001,59.0,60.18,57.361931,22831200
2020-09-17,MSFT,200.050003,204.330002,199.960007,202.910004,197.905334,34011300
2020-09-18,ORCL,59.98,60.290001,59.43,59.75,56.952068,49311700
2020-09-18,MSFT,202.800003,203.649994,196.25,200.389999,195.447464,55225300
2020-09-18,AAPL,110.400002,110.879997,106.089996,106.839996,105.084816,287104900
2020-09-21,AAPL,104.540001,110.190002,103.099998,110.080002,108.271591,195713800
2020-09-21,ORCL,62.459999,62.599998,60.029999,60.82,57.971966,32560400
2020-09-21,MSFT,197.190002,202.710007,196.380005,202.539993,197.544464,39839700
2020-09-22,ORCL,60.380001,60.75,59.459999,60.619999,57.781326,13306000
2020-09-22,AAPL,112.68,112.860001,109.160004,111.809998,109.973175,183055400
2020-09-22,MSFT,205.059998,208.100006,202.080002,207.419998,202.304077,33517100
2020-09-23,ORCL,60.110001,60.490002,58.900002,58.959999,56.199062,15513500
2020-09-23,MSFT,207.899994,208.100006,200.029999,200.589996,195.642532,30803800
2020-09-23,AAPL,111.620003,112.110001,106.769997,107.120003,105.360229,150718700
2020-09-24,MSFT,199.850006,205.570007,199.199997,203.190002,198.178406,31202500
2020-09-24,AAPL,105.169998,110.25,105.0,108.220001,106.442154,167743300
2020-09-24,ORCL,58.740002,59.900002,58.290001,59.299999,56.52314,9560500
2020-09-25,ORCL,59.27,59.990002,58.959999,59.799999,56.999718,9371900
2020-09-25,MSFT,203.550003,209.039993,202.539993,207.820007,202.694214,29437300
2020-09-25,AAPL,108.43,112.440002,107.669998,112.279999,110.435448,149981400
2020-09-28,AAPL,115.010002,115.32,112.779999,114.959999,113.071426,137672400
2020-09-28,ORCL,60.029999,60.540001,59.470001,59.580002,56.790028,9356300
2020-09-28,MSFT,210.880005,212.570007,208.059998,209.440002,204.274307,32004900
2020-09-29,AAPL,114.550003,115.309998,113.57,114.089996,112.215729,99382200
2020-09-29,MSFT,209.350006,210.070007,206.809998,207.259995,202.148026,24221900
2020-09-29,ORCL,59.580002,60.16,59.400002,59.470001,56.685169,6340600
2020-09-30,ORCL,59.52,60.389999,59.369999,59.700001,56.904411,11001500
2020-09-30,MSFT,207.729996,211.979996,206.539993,210.330002,205.142303,33829100
2020-09-30,AAPL,113.790001,117.260002,113.620003,115.809998,113.907448,142675200
2020-10-01,MSFT,213.490005,213.990005,211.320007,212.460007,207.219803,27158400
2020-10-01,AAPL,117.639999,117.720001,115.830002,116.790001,114.871376,116120400
2020-10-01,ORCL,60.169998,60.27,59.450001,59.68,56.885342,7357700
2020-10-02,AAPL,112.889999,115.370003,112.220001,113.019997,111.163292,144712000
2020-10-02,MSFT,208.0,210.990005,205.539993,206.190002,201.104416,33154800
2020-10-02,ORCL,58.709999,59.52,58.509998,58.830002,56.075146,7329800
2020-10-05,ORCL,59.439999,59.669998,59.09,59.560001,56.770962,6899200
2020-10-05,AAPL,113.910004,116.650002,113.550003,116.5,114.586128,106243800
2020-10-05,MSFT,207.220001,210.410004,206.979996,210.380005,205.191055,21331600
2020-10-06,AAPL,115.699997,116.120003,112.25,113.160004,111.300987,161498200
2020-10-06,ORCL,59.509998,60.529999,59.41,59.509998,56.723309,9743600
2020-10-06,MSFT,208.820007,210.179993,204.820007,205.910004,200.831329,28554300
2020-10-07,MSFT,207.059998,210.110001,206.720001,209.830002,204.654663,25681100
2020-10-07,AAPL,114.620003,115.550003,114.129997,115.080002,113.189453,96849000
2020-10-07,ORCL,59.77,60.900002,59.639999,60.59,57.986584,8690900
2020-10-08,ORCL,60.790001,61.299999,60.630001,60.889999,58.273697,7202800
2020-10-08,MSFT,210.509995,211.190002,208.320007,210.580002,205.386139,19925800
2020-10-08,AAPL,116.25,116.400002,114.589996,114.970001,113.081268,83477200
2020-10-09,AAPL,115.279999,117.0,114.919998,116.970001,115.048409,100506900
2020-10-09,MSFT,211.229996,215.860001,211.229996,215.809998,210.487137,26458000
2020-10-09,ORCL,61.150002,61.380001,60.860001,61.150002,58.522522,7355700
2020-10-12,MSFT,218.789993,223.860001,216.809998,221.399994,215.939255,40461400
2020-10-12,ORCL,61.240002,61.830002,61.07,61.459999,58.819202,8275000
2020-10-12,AAPL,120.059998,125.18,119.279999,124.400002,122.356339,240226800
2020-10-13,ORCL,61.57,61.779999,60.880001,60.970001,58.350262,8896300
2020-10-13,MSFT,222.720001,225.210007,220.429993,222.860001,217.363266,28950800
2020-10-13,AAPL,125.269997,125.389999,119.650002,121.099998,119.110558,262330500
2020-10-14,MSFT,223.0,224.220001,219.130005,220.860001,215.412598,23421700
2020-10-14,AAPL,121.0,123.029999,119.620003,121.190002,119.199097,150712000
2020-10-14,ORCL,61.349998,61.529999,60.849998,60.959999,58.340683,6651100
2020-10-15,AAPL,118.720001,121.199997,118.150002,120.709999,118.726959,112559200
2020-10-15,ORCL,60.27,60.740002,60.080002,60.52,57.91959,6251600
2020-10-15,MSFT,217.100006,220.360001,216.009995,219.660004,214.242188,22733100
2020-10-16,ORCL,60.709999,61.110001,60.259998,60.290001,57.699482,6070800
2020-10-16,AAPL,121.279999,121.550003,118.809998,119.019997,117.064713,115393800
2020-10-16,MSFT,220.149994,222.289993,219.320007,219.660004,214.242188,26057900
2020-10-19,ORCL,60.389999,60.75,59.389999,59.619999,57.058266,8311000
2020-10-19,MSFT,220.419998,222.300003,213.720001,214.220001,208.936356,27625800
2020-10-19,AAPL,119.959999,120.419998,115.660004,115.980003,114.074684,120639300
2020-10-20,MSFT,215.800003,217.369995,213.089996,214.649994,209.355759,22753500
2020-10-20,ORCL,59.919998,60.330002,59.630001,59.75,57.182682,9241200
2020-10-20,AAPL,116.199997,118.980003,115.629997,117.510002,115.579536,124423700
2020-10-21,MSFT,213.119995,216.919998,213.119995,214.800003,209.502075,22724900
2020-10-21,ORCL,59.34,60.119999,59.220001,59.669998,57.106106,10114900
2020-10-21,AAPL,116.669998,118.709999,116.449997,116.870003,114.95005,89946000
2020-10-22,MSFT,213.929993,216.059998,211.699997,214.889999,209.589844,22351500
2020-10-22,ORCL,59.439999,59.869999,58.689999,59.689999,57.125256,11900600
2020-10-22,AAPL,117.449997,118.040001,114.589996,115.75,113.848457,101988000
2020-10-23,AAPL,116.389999,116.550003,114.279999,115.040001,113.150116,82572600
2020-10-23,MSFT,215.029999,216.279999,213.160004,216.229996,210.89679,18879600
2020-10-23,ORCL,59.900002,60.16,59.709999,59.900002,57.326237,9739300
2020-10-26,ORCL,58.099998,58.48,56.529999,57.490002,55.019791,18876900
2020-10-26,MSFT,213.850006,216.339996,208.100006,210.080002,204.898468,37111600
2020-10-26,AAPL,114.010002,116.550003,112.879997,115.050003,113.15995,111850700
2020-10-27,AAPL,115.489998,117.279999,114.540001,116.599998,114.684479,92276800
2020-10-27,ORCL,57.639999,57.98,57.02,57.080002,54.627403,10806500
2020-10-27,MSFT,211.589996,214.669998,210.330002,213.25,207.990311,36700300
2020-10-28,MSFT,207.669998,208.839996,202.100006,202.679993,197.680984,51195600
2020-10-28,AAPL,115.050003,115.43,111.099998,111.199997,109.373192,143937800
2020-10-28,ORCL,56.27,56.599998,55.529999,55.59,53.201427,13910600
2020-10-29,MSFT,204.070007,207.360001,203.369995,204.720001,199.67067,31432600
2020-10-29,ORCL,55.200001,56.759998,55.139999,56.02,53.612953,13573700
2020-10-29,AAPL,112.370003,116.93,112.199997,115.32,113.425514,146129200
2020-10-30,ORCL,55.75,56.639999,55.450001,56.110001,53.699081,12602300
2020-10-30,MSFT,203.5,204.289993,199.619995,202.470001,197.476166,36953700
2020-10-30,AAPL,111.059998,111.989998,107.720001,108.860001,107.071648,190272600
2020-11-02,AAPL,109.110001,110.68,107.32,108.769997,106.983116,122866900
2020-11-02,MSFT,204.289993,205.279999,200.119995,202.330002,197.339645,30842200
2020-11-02,ORCL,56.439999,57.470001,56.119999,56.450001,54.024475,11413200
2020-11-03,MSFT,203.889999,208.119995,203.119995,206.429993,201.338486,27512000
2020-11-03,ORCL,57.0,57.5,56.57,56.799999,54.359436,8911200
2020-11-03,AAPL,109.660004,111.489998,108.730003,110.440002,108.625694,107624400
2020-11-04,ORCL,58.0,58.09,56.349998,56.490002,54.062756,12054900
2020-11-04,AAPL,114.139999,115.589996,112.349998,114.949997,113.061592,138235500
2020-11-04,MSFT,214.020004,218.320007,212.419998,216.389999,211.052841,42311800
2020-11-05,ORCL,57.459999,57.650002,56.419998,56.66,54.225445,9017100
2020-11-05,MSFT,222.039993,224.119995,221.149994,223.289993,217.782639,36080100
2020-11-05,AAPL,117.949997,119.620003,116.870003,119.029999,117.07457,126387100
2020-11-06,ORCL,56.77,56.98,56.150002,56.799999,54.359436,7510400
2020-11-06,MSFT,222.259995,224.360001,218.029999,223.720001,218.202072,25231900
2020-11-06,AAPL,118.32,119.199997,116.129997,118.690002,116.941559,114457900
2020-11-09,AAPL,120.5,121.989998,116.050003,116.32,114.606461,154515300
2020-11-09,MSFT,224.440002,228.119995,217.880005,218.389999,213.00351,44395000
2020-11-09,ORCL,58.189999,59.080002,56.77,56.84,54.397713,11486600
2020-11-10,MSFT,214.5,216.5,209.720001,211.009995,205.805511,44045100
2020-11-10,AAPL,115.550003,117.589996,114.129997,115.970001,114.26162,138023400
2020-11-10,ORCL,56.91,57.240002,56.200001,56.669998,54.235027,9015900
2020-11-11,MSFT,212.389999,218.039993,212.199997,216.550003,211.208908,29440800
2020-11-11,AAPL,117.190002,119.629997,116.440002,119.489998,117.729759,112295000
2020-11-11,ORCL,57.060001,57.630001,56.799999,57.200001,54.742249,7724400
2020-11-12,AAPL,119.620003,120.529999,118.57,119.209999,117.453896,103162300
2020-11-12,MSFT,217.210007,219.110001,214.460007,215.440002,210.126266,21593900
2020-11-12,ORCL,57.259998,57.490002,56.099998,56.450001,54.024475,7324000
2020-11-13,MSFT,216.360001,217.419998,214.160004,216.509995,211.169891,18621100
2020-11-13,ORCL,56.880001,57.09,56.549999,56.91,54.464706,5870300
2020-11-13,AAPL,119.440002,119.669998,117.870003,119.260002,117.503159,81581900
2020-11-16,MSFT,214.869995,217.740005,214.520004,217.229996,211.872116,24953300
2020-11-16,AAPL,118.919998,120.989998,118.150002,120.300003,118.527832,91183000
2020-11-16,ORCL,57.02,57.610001,56.880001,57.150002,54.694389,6309200
2020-11-17,ORCL,57.0,57.389999,56.810001,57.119999,54.665684,5569700
2020-11-17,MSFT,216.100006,217.679993,214.080002,214.460007,209.170456,24154100
2020-11-17,AAPL,119.550003,120.669998,118.959999,119.389999,117.631248,74271000
2020-11-18,MSFT,213.649994,215.169998,210.929993,211.080002,206.412811,28372800
2020-11-18,AAPL,118.610001,119.82,118.0,118.029999,116.291275,76322100
2020-11-18,ORCL,57.119999,57.290001,56.240002,56.25,53.833069,8998800
2020-11-19,MSFT,211.380005,213.029999,209.929993,212.419998,207.723175,24792700
2020-11-19,AAPL,117.589996,119.059998,116.809998,118.639999,116.892296,74113000
2020-11-19,ORCL,56.09,56.48,55.560001,56.450001,54.024475,9643100
2020-11-20,ORCL,56.360001,56.439999,55.68,55.700001,53.306698,8395800
2020-11-20,AAPL,118.639999,118.769997,117.290001,117.339996,115.611435,73604300
2020-11-20,MSFT,212.199997,213.289993,210.0,210.389999,205.738068,22843100
2020-11-23,AAPL,117.18,117.620003,113.75,113.849998,112.172852,127959300
2020-11-23,MSFT,210.949997,212.289993,208.160004,210.110001,205.464249,25683500
2020-11-23,ORCL,55.849998,56.57,55.77,56.080002,53.670368,8235900
2020-11-24,ORCL,56.599998,57.900002,56.360001,57.57,55.096348,10427200
2020-11-24,MSFT,209.589996,214.25,208.860001,213.860001,209.131332,33979700
2020-11-24,AAPL,113.910004,115.849998,112.589996,115.169998,113.473412,113874200
2020-11-25,MSFT,215.110001,215.289993,212.460007,213.869995,209.141098,21012900
2020-11-25,ORCL,57.720001,57.759998,57.259998,57.41,54.943226,6848900
2020-11-25,AAPL,115.550003,116.75,115.169998,116.029999,114.32074,76499200
2020-11-27,MSFT,214.850006,216.270004,214.039993,215.229996,210.471054,14512200
2020-11-27,ORCL,57.400002,57.869999,57.150002,57.759998,55.278179,5627000
2020-11-27,AAPL,116.57,117.489998,116.220001,116.589996,114.87249,46691300
2020-11-30,ORCL,57.610001,58.200001,57.200001,57.720001,55.239906,26676900
2020-11-30,AAPL,116.970001,120.970001,116.809998,119.050003,117.296249,169410200
2020-11-30,MSFT,214.100006,214.759995,210.839996,214.070007,209.33667,33064800
2020-12-01,AAPL,121.010002,123.470001,120.010002,122.720001,120.912178,127728200
2020-12-01,MSFT,214.509995,217.320007,213.350006,216.210007,211.429367,30904500
2020-12-01,ORCL,58.200001,59.279999,58.009998,58.740002,56.21608,11855300
2020-12-02,AAPL,122.019997,123.370003,120.889999,123.080002,121.266884,89004200
2020-12-02,ORCL,58.290001,59.27,58.139999,59.080002,56.54147,9330400
2020-12-02,MSFT,214.880005,215.470001,212.800003,215.369995,210.607925,23724500
2020-12-03,AAPL,123.519997,123.779999,122.209999,122.940002,121.12896,78967600
2020-12-03,ORCL,59.220001,59.98,59.060001,59.27,56.723309,9783900
2020-12-03,MSFT,214.610001,216.380005,213.649994,214.240005,209.502945,25120900
2020-12-04,ORCL,59.310001,60.549999,59.27,59.959999,57.383656,10872700
2020-12-04,MSFT,214.220001,215.380005,213.179993,214.360001,209.6203,24666000
2020-12-04,AAPL,122.599998,122.860001,121.519997,122.25,120.44912,78260400
2020-12-07,ORCL,59.959999,60.200001,59.630001,59.799999,57.23053,14922900
2020-12-07,AAPL,122.309998,124.57,122.25,123.75,121.927025,86712000
2020-12-07,MSFT,214.369995,215.539993,212.990005,214.289993,209.551804,24620000
2020-12-08,AAPL,124.370003,124.980003,123.089996,124.379997,122.547737,82225500
2020-12-08,ORCL,58.990002,59.709999,58.220001,59.029999,56.493614,15237800
2020-12-08,MSFT,213.970001,216.949997,212.889999,216.009995,211.233795,23284100
2020-12-09,ORCL,58.889999,59.91,58.799999,59.73,57.163536,12204100
2020-12-09,AAPL,124.529999,125.949997,121.0,121.779999,119.986038,115089200
2020-12-09,MSFT,215.160004,215.229996,211.210007,211.800003,207.116913,32440600
2020-12-10,MSFT,211.770004,213.080002,210.360001,210.520004,205.865204,26733300
2020-12-10,ORCL,59.509998,59.810001,59.040001,59.48,56.924278,14219900
2020-12-10,AAPL,120.5,123.870003,120.150002,123.239998,121.42453,81312200
2020-12-11,MSFT,210.050003,213.320007,209.110001,213.259995,208.544586,30979400
2020-12-11,ORCL,60.939999,61.0,59.419998,60.610001,58.00573,16209900
2020-12-11,AAPL,122.43,122.760002,120.550003,122.410004,120.606758,86939800
2020-12-14,MSFT,213.100006,216.210007,212.880005,214.199997,209.463806,28798400
2020-12-14,AAPL,122.599998,123.349998,121.540001,121.779999,119.986038,79184500
2020-12-14,ORCL,60.830002,61.66,60.689999,60.759998,58.149277,16193600
2020-12-15,AAPL,124.339996,127.900002,124.129997,127.879997,125.996178,157243700
2020-12-15,ORCL,61.09,62.189999,60.900002,61.860001,59.202019,15506700
2020-12-15,MSFT,215.169998,215.419998,212.240005,214.130005,209.395355,27000600
2020-12-16,AAPL,127.410004,128.369995,126.559998,127.809998,125.9272,98208600
2020-12-16,ORCL,61.869999,63.189999,61.849998,62.779999,60.082478,16119900
2020-12-16,MSFT,214.75,220.110001,214.720001,219.279999,214.431473,35023300
2020-12-17,AAPL,128.899994,129.580002,128.039993,128.699997,126.8041,94359800
2020-12-17,ORCL,62.990002,64.050003,62.73,63.610001,60.876831,15320500
2020-12-17,MSFT,219.869995,220.889999,217.919998,219.419998,214.568405,32515800
2020-12-18,ORCL,63.48,65.330002,63.43,65.059998,62.264523,33728700
2020-12-18,MSFT,218.589996,219.690002,216.020004,218.589996,213.756729,63354900
2020-12-18,AAPL,128.960007,129.100006,126.120003,126.660004,124.794144,192541500
2020-12-21,AAPL,125.019997,128.309998,123.449997,128.229996,126.341019,121251600
2020-12-21,ORCL,63.889999,65.190002,63.880001,64.480003,61.709446,18210200
2020-12-21,MSFT,217.550003,224.0,217.279999,222.589996,217.66832,37181900
2020-12-22,ORCL,64.559998,66.0,64.43,65.150002,62.350651,17136000
2020-12-22,AAPL,131.610001,134.410004,129.649994,131.880005,129.937241,168904800
2020-12-22,MSFT,222.690002,225.630005,221.850006,223.940002,218.98848,22612200
2020-12-23,AAPL,132.160004,132.429993,130.779999,130.960007,129.030823,88223700
2020-12-23,MSFT,223.110001,223.559998,220.800003,221.020004,216.133041,18699600
2020-12-23,ORCL,65.260002,66.199997,65.150002,65.300003,62.494213,13075200
2020-12-24,MSFT,221.419998,223.610001,221.199997,222.75,217.824753,10550600
2020-12-24,ORCL,65.050003,65.589996,64.779999,64.959999,62.168816,3796500
2020-12-24,AAPL,131.320007,133.460007,131.100006,131.970001,130.025925,54930100
2020-12-28,MSFT,224.449997,226.029999,223.020004,224.960007,219.985916,17933500
2020-12-28,ORCL,65.410004,65.690002,64.75,64.870003,62.082684,6463500
2020-12-28,AAPL,133.990005,137.339996,133.509995,136.690002,134.676407,124486200
2020-12-29,ORCL,65.25,65.269997,64.220001,64.459999,61.690304,7770200
2020-12-29,AAPL,138.050003,138.789993,134.339996,134.869995,132.883209,121047300
2020-12-29,MSFT,226.309998,227.179993,223.580002,224.149994,219.193802,17403200
2020-12-30,MSFT,225.229996,225.630005,221.470001,221.679993,216.778412,20272300
2020-12-30,AAPL,135.580002,135.990005,133.399994,133.720001,131.750153,96452100
2020-12-30,ORCL,64.800003,64.910004,64.349998,64.400002,61.632889,6192000
